[
    {
        "cityName": "New York",
        "MaximumTemp": "25°C",
        "MinimumTemp": "17°C",
        "weatherType": "Sunny",
        "Humidity": "40%"
    },
    {
        "cityName": "London",
        "MaximumTemp": "20°C",
        "MinimumTemp": "10°C",
        "weatherType": "Rainy",
        "Humidity": "30%"
    },
    {
        "cityName": "Paris",
        "MaximumTemp": "15°C",
        "MinimumTemp": "9°C",
        "weatherType": "Rainy",
        "Humidity": "50%"
    },
    {
        "cityName": "Mumbai",
        "MaximumTemp": "25°C",
        "MinimumTemp": "17°C",
        "weatherType": "Sunny",
        "Humidity": "10%"
    },
    {
        "cityName": "Moscow",
        "MaximumTemp": "25°C",
        "MinimumTemp": "17°C",
        "weatherType": "Rainy",
        "Humidity": "70%"
    }
]